record_id,pmid,doi,title,year,title_abstract_decision,title_abstract_reason,full_text_status,full_text_decision,full_text_exclusion_reason,study_id,study_design,key_outcomes,notes
1,42650255,10.3390/antiox15080991,"A New Cosmeceutical Approach for Mature Skin: Antioxidant Activity, In Vitro Permeation, and Preliminary Clinical Efficacy of Melatonin-N-Acetylcysteine Creams.",2026,include,NAC + skin pigmentation/aging relevant,retrieved,include,,,,,
2,42031133,10.1016/j.plantsci.2026.113161,Overexpression of LpNAC14 from Lilium pumilum enhances salt and drought tolerance in transgenic Nicotiana tabacum.,2026,exclude,"NAC = plant NAC transcription factor family, not N-acetylcysteine",,,,,,,"NAC = plant NAC transcription factor family, not N-acetylcysteine"
3,41967979,10.1111/cod.70141,Allergen Content of Inactive Ingredients in Best-Selling Sunscreens: A Comparison of Key Product Features.,2026,exclude,Study of other intervention/pathway; N-acetylcysteine not the intervention,,,,,,,Study of other intervention/pathway; N-acetylcysteine not the intervention
4,42464118,10.1186/s12870-026-09484-9,Cysteine derivatives coordinate photosynthetic performance and osmotic adjustment to enhance drought tolerance in vegetable soybean.,2026,exclude,NAC present but outcome not skin pigmentation/whitening/anti-aging,,,,,,,NAC present but outcome not skin pigmentation/whitening/anti-aging
5,42176462,10.1016/j.bjps.2026.05.010,Repigmentation of the nipple-areola complex following gender-affirming mastectomy with free nipple grafting.,2026,exclude,"NAC = nipple-areola complex, not N-acetylcysteine",,,,,,,"NAC = nipple-areola complex, not N-acetylcysteine"
6,42324978,10.4014/jmb.2604.04013,Bioactive Lipid Mediator Resolvin D5 Suppresses Melanogenesis in α-MSH-Stimulated B16F10 Cells via ROS-Associated p38/β-Catenin/MITF Regulation.,2026,exclude,Study of other intervention/pathway; N-acetylcysteine not the intervention,,,,,,,Study of other intervention/pathway; N-acetylcysteine not the intervention
7,42299342,10.3389/fgene.2026.1797093,Integrated metabolomic and transcriptomic analysis of anthocyanin accumulation mechanisms in maize kernels of different colors.,2026,exclude,Plant pigment biology; no N-acetylcysteine intervention,,,,,,,Plant pigment biology; no N-acetylcysteine intervention
8,41554955,10.1038/s41386-026-02351-z,Modulation of accumbens dopamine by MCH neurons during learning and consummatory behavior.,2026,exclude,"NAC/NAc = nucleus accumbens or melanin-concentrating hormone context, not N-acetylcysteine",,,,,,,"NAC/NAc = nucleus accumbens or melanin-concentrating hormone context, not N-acetylcysteine"
9,42179493,10.3389/fpls.2026.1800907,The role of the MfSWN1 in secondary wall growth and development.,2026,exclude,"NAC = plant NAC transcription factor family, not N-acetylcysteine",,,,,,,"NAC = plant NAC transcription factor family, not N-acetylcysteine"
10,42075956,10.3390/molecules31081277,Therapeutic Potential of Cysteine and Its Derivatives in Dermatology.,2026,include,NAC + skin pigmentation/aging relevant,retrieved,include,,,,,
11,41817844,10.1007/s43630-026-00880-6,NDRG2 deficiency exacerbates UVB-induced photodamage in human keratinocytes via impaired Nrf2-mediated antioxidant defense.,2026,exclude,NAC present but outcome not skin pigmentation/whitening/anti-aging,,,,,,,NAC present but outcome not skin pigmentation/whitening/anti-aging
12,41843139,10.1007/s00299-026-03782-0,Adaptive strategies of halophytes to saline and freshwater drip irrigation: a focus on transcription factors and metabolic pathways.,2026,exclude,"NAC = plant NAC transcription factor family, not N-acetylcysteine",,,,,,,"NAC = plant NAC transcription factor family, not N-acetylcysteine"
13,41824081,10.1007/s00425-026-04973-5,Molecular orchestration and health implications of fruit pigmentation: from metabolic pathways to nutritional quality.,2026,exclude,"NAC = plant NAC transcription factor family, not N-acetylcysteine",,,,,,,"NAC = plant NAC transcription factor family, not N-acetylcysteine"
14,41653607,10.1016/j.plaphy.2026.111095,Functional characterization reveals MiNAC25 and MiSGR1 as key regulators of chlorophyll degradation in mango.,2026,exclude,"NAC = plant NAC transcription factor family, not N-acetylcysteine",,,,,,,"NAC = plant NAC transcription factor family, not N-acetylcysteine"
15,41362495,10.1016/j.jpra.2025.10.029,Yin-Yang NAC sharing: Full-thickness split graft from a single NAC for bilateral immediate reconstruction after skin-reducing mastectomy.,2025,exclude,"NAC = nipple-areola complex, not N-acetylcysteine",,,,,,,"NAC = nipple-areola complex, not N-acetylcysteine"
16,41214322,10.1007/s00266-025-05390-x,Three-Dimensional Concept in Simultaneous Periareolar Augmentation-Mastopexy.,2025,exclude,"NAC = nipple-areola complex, not N-acetylcysteine",,,,,,,"NAC = nipple-areola complex, not N-acetylcysteine"
17,41808817,10.21037/gs-2025-aw-491,Pigmented basal cell carcinoma of the nipple-areola complex mimicking malignant melanoma in a 61-year-old Thai woman: a case report and literature review.,2026,exclude,"NAC = nipple-areola complex, not N-acetylcysteine",,,,,,,"NAC = nipple-areola complex, not N-acetylcysteine"
18,41421415,10.1016/j.freeradbiomed.2025.12.026,LL37-induced mitochondrial stress activates the mtDNA/cGAS/STING pathway to promote mast cell-mediated rosacea inflammation.,2025,exclude,NAC present but outcome not skin pigmentation/whitening/anti-aging,,,,,,,NAC present but outcome not skin pigmentation/whitening/anti-aging
19,41663723,10.1038/s41598-026-38877-x,Development of a controlled ex vivo human skin platform for quantitative evaluation of age-related functional biomarkers following application of topical treatments.,2026,exclude,Study of other intervention/pathway; N-acetylcysteine not the intervention,,,,,,,Study of other intervention/pathway; N-acetylcysteine not the intervention
20,41064065,10.1159/000547308,Onychotillomania Dentata: A Newly Defined Oral-Induced Pattern of Repetitive Nail Trauma.,2025,exclude,NAC present but outcome not skin pigmentation/whitening/anti-aging,,,,,,,NAC present but outcome not skin pigmentation/whitening/anti-aging
21,41600042,10.3390/plants15020235,Multi-Omics Analysis Provides Insights into Developmental Tepal Coloration in Gloriosa superba 'Passion Flame'.,2026,exclude,"NAC = plant NAC transcription factor family, not N-acetylcysteine",,,,,,,"NAC = plant NAC transcription factor family, not N-acetylcysteine"
22,41300403,10.3390/biology14111614,Integrated Metabolomic and Transcriptomic Analyses of Anthocyanin Synthesis During Fruit Development in Lycium ruthenicum Murr.,2025,exclude,Plant pigment biology; no N-acetylcysteine intervention,,,,,,,Plant pigment biology; no N-acetylcysteine intervention
23,41061299,10.1016/j.bbrc.2025.152762,Rotenone-mediated mitochondrial ROS generation inhibits melanogenesis in B16F10 cells by inducing the ERK activation-MITF degradation pathway.,2025,exclude,Study of other intervention/pathway; N-acetylcysteine not the intervention,,,,,,,Study of other intervention/pathway; N-acetylcysteine not the intervention
24,41122731,10.3389/fpls.2025.1669458,Multi-omics elucidation of yellow aril coloration in litchi (Litchi chinensis Sonn.) cultivar 'Jianjianghongnuo': coordinated downregulation of flavonoid and carotenoid biosynthetic pathways drives pigment dynamics.,2025,exclude,Plant pigment biology; no N-acetylcysteine intervention,,,,,,,Plant pigment biology; no N-acetylcysteine intervention
25,40415192,10.1111/ijd.17867,Impact of Air Pollution on Skin Pigmentation: Mechanisms and Protective Strategies.,2025,exclude,NAC present but outcome not skin pigmentation/whitening/anti-aging,,,,,,,NAC present but outcome not skin pigmentation/whitening/anti-aging
26,41019734,10.3389/fpls.2025.1636028,Integrated metabolomic and transcriptomic analysis elucidates transcriptional regulation of flavonoid biosynthesis in differentially pigmented honeysuckle (Lonicera japonica) varieties.,2025,exclude,"NAC = plant NAC transcription factor family, not N-acetylcysteine",,,,,,,"NAC = plant NAC transcription factor family, not N-acetylcysteine"
27,40340419,10.1177/09592989251341159,Synergistic impact of antioxidant combinations on collagen and elastin synthesis in human dermal fibroblasts.,2025,include,NAC + skin pigmentation/aging relevant,retrieved,include,,,,,
28,40466282,10.1016/j.jphotobiol.2025.113188,Paeoniflorin protected UVA-exposed skin fibroblasts from caspase-3/GSDME mediated pyroptosis.,2025,exclude,Study of other intervention/pathway; N-acetylcysteine not the intervention,,,,,,,Study of other intervention/pathway; N-acetylcysteine not the intervention
29,40804863,10.3390/diagnostics15151898,"Multimodal Imaging Detection of Difficult Mammary Paget Disease: Dermoscopy, Reflectance Confocal Microscopy, and Line-Field Confocal-Optical Coherence Tomography.",2025,exclude,"NAC = nipple-areola complex, not N-acetylcysteine",,,,,,,"NAC = nipple-areola complex, not N-acetylcysteine"
30,40757340,10.1021/acsomega.5c03409,Melanin-Based Compounds as Low-Cost Sensors for Nitroaromatics: Theoretical Insights on Molecular Interactions and Optoelectronic Responses.,2025,exclude,"NAC = nitroaromatic compounds, not N-acetylcysteine",,,,,,,"NAC = nitroaromatic compounds, not N-acetylcysteine"
31,40710295,10.3390/cells14141042,The Integrated Function of the Lateral Hypothalamus in Energy Homeostasis.,2025,exclude,"NAC/NAc = nucleus accumbens or melanin-concentrating hormone context, not N-acetylcysteine",,,,,,,"NAC/NAc = nucleus accumbens or melanin-concentrating hormone context, not N-acetylcysteine"
32,40693274,10.3389/fphar.2025.1558593,Prevention of chemotherapy drug-mediated human hair follicle damage: combined use of cooling with antioxidant suppresses oxidative stress and prevents matrix keratinocyte cytotoxicity.,2025,exclude,NAC present but outcome not skin pigmentation/whitening/anti-aging,,,,,,,NAC present but outcome not skin pigmentation/whitening/anti-aging
33,40183233,10.1111/pbi.70071,Spatial regulation of chlorophyll degradation in kiwifruit: AcNAC2-AcSGR1/2 cascades mediate rapid de-greening in the inner pericarp.,2025,exclude,"NAC = plant NAC transcription factor family, not N-acetylcysteine",,,,,,,"NAC = plant NAC transcription factor family, not N-acetylcysteine"
34,40522608,10.1186/s13619-025-00242-0,Mitochondrial deoxyguanosine kinase depletion induced ROS causes melanocyte stem cell exhaustion and hair greying.,2025,exclude,NAC present but outcome not skin pigmentation/whitening/anti-aging,,,,,,,NAC present but outcome not skin pigmentation/whitening/anti-aging
35,40502131,10.1101/2025.06.05.658170,Bidirectional modulation of accumbens dopamine by MCH neurons during learning and consummatory behavior.,2025,exclude,"NAC/NAc = nucleus accumbens or melanin-concentrating hormone context, not N-acetylcysteine",,,,,,,"NAC/NAc = nucleus accumbens or melanin-concentrating hormone context, not N-acetylcysteine"
36,40145657,10.1021/acschemneuro.5c00029,Induction of Ferroptotic Cell Death by Neuromelanin Pigments in Dopaminergic Cells.,2025,exclude,Study of other intervention/pathway; N-acetylcysteine not the intervention,,,,,,,Study of other intervention/pathway; N-acetylcysteine not the intervention
37,40181030,10.1038/s41598-025-95552-3,Research on the mining of candidate genes for pepper fruit color and development of SNP markers based on SLAF-seq technology.,2025,exclude,Plant pigment biology; no N-acetylcysteine intervention,,,,,,,Plant pigment biology; no N-acetylcysteine intervention
38,40167062,10.1097/SAP.0000000000004312,Aesthetic and Sensory Preferences for the Nipple-Areola Complex Among Postmastectomy Women.,2025,exclude,"NAC = nipple-areola complex, not N-acetylcysteine",,,,,,,"NAC = nipple-areola complex, not N-acetylcysteine"
39,39950925,10.1002/advs.202413925,Nanomedicine Penetrating Blood-Pancreas Barrier for Effective Treatment of Acute Pancreatitis.,2025,exclude,NAC studied for non-cosmetic indication (toxicology/infection/neuro),,,,,,,NAC studied for non-cosmetic indication (toxicology/infection/neuro)
40,39746823,10.1523/JNEUROSCI.1725-24.2024,Melanin-Concentrating Hormone Projections to the Nucleus Accumbens Enhance the Reward Value of Food Consumption and Do Not Induce Feeding or REM Sleep.,2025,exclude,"NAC/NAc = nucleus accumbens or melanin-concentrating hormone context, not N-acetylcysteine",,,,,,,"NAC/NAc = nucleus accumbens or melanin-concentrating hormone context, not N-acetylcysteine"
41,36943897,10.1111/vop.13086,Multidirectional corneoconjunctival transposition in the treatment of large keratomalacia in 7 dogs and 5 cats.,2023,exclude,NAC present but outcome not skin pigmentation/whitening/anti-aging,,,,,,,NAC present but outcome not skin pigmentation/whitening/anti-aging
42,40094733,10.3390/plants14050742,Function of Anthocyanin and Chlorophyll Metabolic Pathways in the Floral Sepals Color Formation in Different Hydrangea Cultivars.,2025,exclude,Plant pigment biology; no N-acetylcysteine intervention,,,,,,,Plant pigment biology; no N-acetylcysteine intervention
43,39907116,10.1002/biof.70004,The in vitro and in vivo skin-whitening activity of Ectoine through enhanced autophagy in melanocytes and keratinocytes and zebrafish model.,2025,exclude,Study of other intervention/pathway; N-acetylcysteine not the intervention,,,,,,,Study of other intervention/pathway; N-acetylcysteine not the intervention
44,39682625,10.3390/diagnostics14232717,Reflectance Confocal Microscopy Can Help in Detecting Clinically Silent Mammary Paget's Disease.,2024,exclude,"NAC = nipple-areola complex, not N-acetylcysteine",,,,,,,"NAC = nipple-areola complex, not N-acetylcysteine"
45,39236745,10.1055/a-2372-1848,[Hairiness and Skin Colouration after Breast Reconstruction with a Deep Inferior Epigastric Perforator Flap and Reconstruction of the Nipple-Areolar Complex].,2024,exclude,"NAC = nipple-areola complex, not N-acetylcysteine",,,,,,,"NAC = nipple-areola complex, not N-acetylcysteine"
46,39234801,10.1111/acel.14322,"Targeting TGF-β signaling, oxidative stress, and cellular senescence rescues osteoporosis in gerodermia osteodysplastica.",2024,exclude,NAC present but outcome not skin pigmentation/whitening/anti-aging,,,,,,,NAC present but outcome not skin pigmentation/whitening/anti-aging
47,39683146,10.3390/plants13233353,Novel Insights into Pigment Composition and Molecular Mechanisms Governing Flower Coloration in Rose Cultivars Exhibiting Diverse Petal Hues.,2024,exclude,"NAC = plant NAC transcription factor family, not N-acetylcysteine",,,,,,,"NAC = plant NAC transcription factor family, not N-acetylcysteine"
48,39605522,10.1101/2024.11.11.622987,Melanin concentrating hormone projections to the nucleus accumbens enhance the reward value of food consumption and do not induce feeding or REM sleep.,2024,exclude,"NAC/NAc = nucleus accumbens or melanin-concentrating hormone context, not N-acetylcysteine",,,,,,,"NAC/NAc = nucleus accumbens or melanin-concentrating hormone context, not N-acetylcysteine"
49,39529092,10.1186/s12896-024-00918-6,"Antioxidant, neuroprotective, and neuroblastoma cells (SH-SY5Y) differentiation effects of melanins and arginine-modified melanins from Daedaleopsis tricolor and Fomes fomentarius.",2024,exclude,NAC studied for non-cosmetic indication (toxicology/infection/neuro),,,,,,,NAC studied for non-cosmetic indication (toxicology/infection/neuro)
50,39112288,10.1016/j.abd.2023.10.005,"Lack of efficacy of oral N-acetylcysteine ​​in the treatment of facial melasma in women: a randomized, double-blind, placebo-controlled clinical trial.",2024,include,NAC + skin pigmentation/aging relevant,retrieved,include,,,,,
51,39409088,10.3390/ijms251910754,Integrated Metabolomics and Transcriptomics Analyses Reveal the Regulatory Mechanisms of Anthocyanin and Carotenoid Accumulation in the Peel of Coffea arabica.,2024,exclude,Plant pigment biology; no N-acetylcysteine intervention,,,,,,,Plant pigment biology; no N-acetylcysteine intervention
52,39367309,10.1186/s12866-024-03515-x,"Characterization of Candida species isolated from clinical specimens: insights into virulence traits, antifungal resistance and molecular profiles.",2024,exclude,Study of other intervention/pathway; N-acetylcysteine not the intervention,,,,,,,Study of other intervention/pathway; N-acetylcysteine not the intervention
53,37749796,10.1097/PRS.0000000000011084,Repigmentation of the Nipple-Areola Complex following Free Nipple Grafting.,2023,exclude,"NAC = nipple-areola complex, not N-acetylcysteine",,,,,,,"NAC = nipple-areola complex, not N-acetylcysteine"
54,39337681,10.3390/ijms251810198,Unbalanced Expression of Structural Genes in Carotenoid Pathway Contributes to the Flower Color Formation of the Osmanthus Cultivar 'Yanzhi Hong'.,2024,exclude,"NAC = plant NAC transcription factor family, not N-acetylcysteine",,,,,,,"NAC = plant NAC transcription factor family, not N-acetylcysteine"
55,39337478,10.3390/ijms25189990,"Pterostilbene, a Dimethyl Derivative of Resveratrol, Exerts Cytotoxic Effects on Melanin-Producing Cells through Metabolic Activation by Tyrosinase.",2024,exclude,Study of other intervention/pathway; N-acetylcysteine not the intervention,,,,,,,Study of other intervention/pathway; N-acetylcysteine not the intervention
56,39337339,10.3390/ijms25189852,Unraveling the Genetic Control of Pigment Accumulation in Physalis Fruits.,2024,exclude,Plant pigment biology; no N-acetylcysteine intervention,,,,,,,Plant pigment biology; no N-acetylcysteine intervention
57,39213503,10.1021/acs.jafc.4c03924,NAC Transcription Factor PpNAP4 Promotes Chlorophyll Degradation and Anthocyanin Synthesis in the Skin of Peach Fruit.,2024,exclude,"NAC = plant NAC transcription factor family, not N-acetylcysteine",,,,,,,"NAC = plant NAC transcription factor family, not N-acetylcysteine"
58,38851504,10.1016/j.chemosphere.2024.142560,Environmentally persistent free radicals on photoaging microplastics shortens longevity via inducing oxidative stress in Caenorhabditis elegans.,2024,exclude,Photoaging of plastics; no N-acetylcysteine intervention,,,,,,,Photoaging of plastics; no N-acetylcysteine intervention
59,38594953,10.1111/tpj.16762,Multiple transcription factors of Arabidopsis thaliana that are activated by LEAFY COTYLEDON 2 regulate triacylglycerol biosynthesis.,2024,exclude,"NAC = plant NAC transcription factor family, not N-acetylcysteine",,,,,,,"NAC = plant NAC transcription factor family, not N-acetylcysteine"
60,38641701,10.1007/s00418-024-02282-0,Effect of N-acetylcysteine on hair follicle changes in mouse model of cyclophosphamide-induced alopecia: histological and biochemical study.,2024,include,NAC + skin pigmentation/aging relevant,retrieved,exclude,Animal alopecia model; outcome mismatch (not pigmentation/aging),,,,
61,38470079,10.1111/jocd.16274,Evaluation of efficacy and safety of vitiligo treatment with micro-needling combined with N-Acetylcysteine and micro-needling alone: A double-blinded randomized controlled clinical trial.,2024,include,NAC + skin pigmentation/aging relevant,retrieved,include,,,,,
62,38539863,10.3390/antiox13030330,"Multifaceted Effects of L-Cysteine, L-Ascorbic Acid, and Their Derivatives on the Viability and Melanin Synthesis of B16/F10 Cells under Different Conditions.",2024,exclude,Study of other intervention/pathway; N-acetylcysteine not the intervention,,,,,,,Study of other intervention/pathway; N-acetylcysteine not the intervention
63,38524061,10.7759/cureus.54678,Paget's Presentation of High-Grade Ductal Carcinoma In Situ (DCIS) in a Very Young Female With Breast Cancer 2 (BRCA2) Mutation.,2024,exclude,"NAC = nipple-areola complex, not N-acetylcysteine",,,,,,,"NAC = nipple-areola complex, not N-acetylcysteine"
64,37976855,10.1016/j.jhazmat.2023.132990,Environmentally persistent free radicals on photoaged microplastics from disposable plastic cups induce the oxidative stress-associated toxicity.,2023,exclude,Photoaging of plastics; no N-acetylcysteine intervention,,,,,,,Photoaging of plastics; no N-acetylcysteine intervention
65,38312453,10.1089/trgh.2021.0094,Quantifying Nipple-Areolar Complex Shape and Location After Transmasculine Top Surgery: A Study of Postoperative Photographs Posted on Social Media and Surgeons' Professional Websites.,2024,exclude,"NAC = nipple-areola complex, not N-acetylcysteine",,,,,,,"NAC = nipple-areola complex, not N-acetylcysteine"
66,38118291,10.1016/j.bjps.2023.11.041,Pyoderma gangrenosum following reduction mammoplasty: Systematic review of the literature and case report.,2023,exclude,"NAC = nipple-areola complex, not N-acetylcysteine",,,,,,,"NAC = nipple-areola complex, not N-acetylcysteine"
67,37820818,10.1016/j.scitotenv.2023.167684,"Environmentally persistent free radicals on photoaged nanopolystyrene induce neurotoxicity by affecting dopamine, glutamate, serotonin and GABA in Caenorhabditis elegans.",2023,exclude,Photoaging of plastics; no N-acetylcysteine intervention,,,,,,,Photoaging of plastics; no N-acetylcysteine intervention
68,37884214,10.1016/j.ijpharm.2023.123547,Microneedle-mediated transdermal delivery of N-acetyl cysteine as a potential antidote for lewisite injury.,2023,exclude,Study of other intervention/pathway; N-acetylcysteine not the intervention,,,,,,,Study of other intervention/pathway; N-acetylcysteine not the intervention
69,37573659,10.1016/j.biopha.2023.115307,Tranexamic acid improves psoriasis-like skin inflammation: Evidence from in vivo and in vitro studies.,2023,exclude,NAC present but outcome not skin pigmentation/whitening/anti-aging,,,,,,,NAC present but outcome not skin pigmentation/whitening/anti-aging
70,37132544,10.1111/pcmr.13088,BMI1 is required for melanocyte stem cell maintenance and hair pigmentation.,2023,exclude,Study of other intervention/pathway; N-acetylcysteine not the intervention,,,,,,,Study of other intervention/pathway; N-acetylcysteine not the intervention
71,36918417,10.1007/s00709-023-01845-7,Transcriptome analysis reveals important regulatory genes and pathways for tuber color variation in Pinellia ternata (Thunb.) Breit.,2023,exclude,Plant pigment biology; no N-acetylcysteine intervention,,,,,,,Plant pigment biology; no N-acetylcysteine intervention
72,37563565,10.1186/s12863-023-01144-3,Transcriptome analysis during vernalization in wheat (Triticum aestivum L.).,2023,exclude,"NAC = plant NAC transcription factor family, not N-acetylcysteine",,,,,,,"NAC = plant NAC transcription factor family, not N-acetylcysteine"
73,37360739,10.3389/fpls.2023.1169220,Metabolomic and transcriptomic analyses reveal the effects of grafting on blood orange quality.,2023,exclude,Plant pigment biology; no N-acetylcysteine intervention,,,,,,,Plant pigment biology; no N-acetylcysteine intervention
74,36933305,10.1016/j.envint.2023.107875,The generation of environmentally persistent free radicals on photoaged microbeads from cosmetics enhances the toxicity via oxidative stress.,2023,exclude,Photoaging of plastics; no N-acetylcysteine intervention,,,,,,,Photoaging of plastics; no N-acetylcysteine intervention
75,36835425,10.3390/ijms24044013,Transgenic Zebrafish Expressing Rat Cytochrome P450 2E1 (CYP2E1): Augmentation of Acetaminophen-Induced Toxicity in the Liver and Retina.,2023,exclude,NAC studied for non-cosmetic indication (toxicology/infection/neuro),,,,,,,NAC studied for non-cosmetic indication (toxicology/infection/neuro)
76,36525819,10.1016/j.biopha.2022.114132,Experimental and approved treatments for skin photosensitivity in individuals with erythropoietic protoporphyria or X-linked protoporphyria: A systematic review.,2022,exclude,NAC present but outcome not skin pigmentation/whitening/anti-aging,,,,,,,NAC present but outcome not skin pigmentation/whitening/anti-aging
77,36424367,10.1002/jbt.23262,Crosstalk of moderate ROS and PARP-1 contributes to sustainable proliferation of conditionally reprogrammed keratinocytes.,2022,exclude,Study of other intervention/pathway; N-acetylcysteine not the intervention,,,,,,,Study of other intervention/pathway; N-acetylcysteine not the intervention
78,36643737,10.1093/hr/uhac241,Gapless genome assembly of azalea and multi-omics investigation into divergence between two species with distinct flower color.,2022,exclude,Plant pigment biology; no N-acetylcysteine intervention,,,,,,,Plant pigment biology; no N-acetylcysteine intervention
79,36549672,10.4062/biomolther.2022.137,Growth Factors Upregulated by Uric Acid Affect Guanine Deaminase-Induced Melanogenesis.,2022,exclude,NAC present but outcome not skin pigmentation/whitening/anti-aging,,,,,,,NAC present but outcome not skin pigmentation/whitening/anti-aging
80,35148231,10.1080/13880209.2022.2032208,Response surface optimization of enzymatic hydrolysis and ROS scavenging activity of silk sericin hydrolysates.,2022,exclude,Study of other intervention/pathway; N-acetylcysteine not the intervention,,,,,,,Study of other intervention/pathway; N-acetylcysteine not the intervention
81,36142401,10.3390/ijms231810487,Expression of Polyamine Oxidase in Fibroblasts Induces MMP-1 and Decreases the Integrity of Extracellular Matrix.,2022,exclude,NAC present but outcome not skin pigmentation/whitening/anti-aging,,,,,,,NAC present but outcome not skin pigmentation/whitening/anti-aging
82,35520024,10.1016/j.eucr.2022.102095,Wilms' tumour with spinal cord involvement.,2022,exclude,Study of other intervention/pathway; N-acetylcysteine not the intervention,,,,,,,Study of other intervention/pathway; N-acetylcysteine not the intervention
83,35742892,10.3390/ijms23126448,"The Identification of Broomcorn Millet bZIP Transcription Factors, Which Regulate Growth and Development to Enhance Stress Tolerance and Seed Germination.",2022,exclude,"NAC = plant NAC transcription factor family, not N-acetylcysteine",,,,,,,"NAC = plant NAC transcription factor family, not N-acetylcysteine"
84,35218147,10.1111/pcmr.13032,Altered expression of ferroptosis markers and iron metabolism reveals a potential role of ferroptosis in vitiligo.,2022,exclude,Study of other intervention/pathway; N-acetylcysteine not the intervention,,,,,,,Study of other intervention/pathway; N-acetylcysteine not the intervention
85,35316314,10.1039/d1fo04130d,"4,4'-Dimethoxychalcone protects the skin from AAPH-induced senescence and UVB-induced photoaging by activating autophagy.",2022,exclude,Study of other intervention/pathway; N-acetylcysteine not the intervention,,,,,,,Study of other intervention/pathway; N-acetylcysteine not the intervention
86,34856342,10.1016/j.tiv.2021.105282,Influence of cellular redox environment on aryl hydrocarbon receptor ligands induced melanogenesis.,2021,exclude,Study of other intervention/pathway; N-acetylcysteine not the intervention,,,,,,,Study of other intervention/pathway; N-acetylcysteine not the intervention
87,33894036,10.1111/jocd.14174,Astragaloside prevents UV-induced keratinocyte injury by regulating TLR4/NF-κB pathway.,2021,exclude,Study of other intervention/pathway; N-acetylcysteine not the intervention,,,,,,,Study of other intervention/pathway; N-acetylcysteine not the intervention
88,35203350,10.3390/cells11040701,Mitofusin-2 Negatively Regulates Melanogenesis by Modulating Mitochondrial ROS Generation.,2022,exclude,Study of other intervention/pathway; N-acetylcysteine not the intervention,,,,,,,Study of other intervention/pathway; N-acetylcysteine not the intervention
89,34719675,10.1038/s41438-021-00670-4,The regulation of cell wall lignification and lignin biosynthesis during pigmentation of winter jujube.,2021,exclude,"NAC = plant NAC transcription factor family, not N-acetylcysteine",,,,,,,"NAC = plant NAC transcription factor family, not N-acetylcysteine"
90,34703442,10.1159/000516762,Pathological Complete Response following Neoadjuvant Chemotherapy in Invasive Ductal Carcinoma with Mammary Paget's Disease: A Case Report.,2021,exclude,Study of other intervention/pathway; N-acetylcysteine not the intervention,,,,,,,Study of other intervention/pathway; N-acetylcysteine not the intervention
91,34361014,10.3390/ijms22158249,Transcriptome-Based WGCNA Analysis Reveals Regulated Metabolite Fluxes between Floral Color and Scent in Narcissus tazetta Flower.,2021,exclude,"NAC = plant NAC transcription factor family, not N-acetylcysteine",,,,,,,"NAC = plant NAC transcription factor family, not N-acetylcysteine"
92,34439449,10.3390/antiox10081202,Identification of L-Cysteinamide as a Potent Inhibitor of Tyrosinase-Mediated Dopachrome Formation and Eumelanin Synthesis.,2021,exclude,Study of other intervention/pathway; N-acetylcysteine not the intervention,,,,,,,Study of other intervention/pathway; N-acetylcysteine not the intervention
93,34303342,10.1186/s12870-021-03121-3,Metabolome and transcriptome profiling provide insights into green apple peel reveals light- and UV-B-responsive pathway in anthocyanins accumulation.,2021,exclude,"NAC = plant NAC transcription factor family, not N-acetylcysteine",,,,,,,"NAC = plant NAC transcription factor family, not N-acetylcysteine"
94,33786299,10.1016/j.jobcr.2021.03.006,"Therapeutic implications of candida phenotypes, virulence factors and antifungal sensitivity in Oral leukoplakia.",2021,exclude,Study of other intervention/pathway; N-acetylcysteine not the intervention,,,,,,,Study of other intervention/pathway; N-acetylcysteine not the intervention
95,33456524,10.3892/etm.2020.9588,DUOX2 participates in skin aging induced by UVB in HSF2 cells by activating NF-κB signaling.,2020,exclude,Study of other intervention/pathway; N-acetylcysteine not the intervention,,,,,,,Study of other intervention/pathway; N-acetylcysteine not the intervention
96,33441891,10.1038/s41598-020-80437-4,Transcriptional analysis reveals key insights into seasonal induced anthocyanin degradation and leaf color transition in purple tea (Camellia sinensis (L.) O. Kuntze).,2021,exclude,Plant pigment biology; no N-acetylcysteine intervention,,,,,,,Plant pigment biology; no N-acetylcysteine intervention
97,33346321,10.7417/CT.2021.2275,Lumevis ™: a new medical device to prepare patients for esophagogastroduodenoscopy. Experimental clinical study.,2021,exclude,NAC present but outcome not skin pigmentation/whitening/anti-aging,,,,,,,NAC present but outcome not skin pigmentation/whitening/anti-aging
98,32862473,10.1002/ejp.1654,Psoralens activate and photosensitize Transient Receptor Potential channels Ankyrin type 1 (TRPA1) and Vanilloid type 1 (TRPV1).,2020,exclude,Study of other intervention/pathway; N-acetylcysteine not the intervention,,,,,,,Study of other intervention/pathway; N-acetylcysteine not the intervention
99,32904992,10.1002/jmd2.12137,Reversal of ochronotic pigmentation in alkaptonuria following nitisinone therapy: Analysis of data from the United Kingdom National Alkaptonuria Centre.,2020,exclude,Study of other intervention/pathway; N-acetylcysteine not the intervention,,,,,,,Study of other intervention/pathway; N-acetylcysteine not the intervention
100,32526201,10.1016/j.abb.2020.108437,Alpha-neoendorphin can reduce UVB-induced skin photoaging by activating cellular autophagy.,2020,exclude,NAC studied for non-cosmetic indication (toxicology/infection/neuro),,,,,,,NAC studied for non-cosmetic indication (toxicology/infection/neuro)
101,32247160,10.1016/j.jpba.2020.113275,In vitro evaluation of reactive nature of E- and Z-guggulsterones and their metabolites in human liver microsomes using UHPLC-Orbitrap mass spectrometer.,2020,exclude,NAC present but outcome not skin pigmentation/whitening/anti-aging,,,,,,,NAC present but outcome not skin pigmentation/whitening/anti-aging
102,32674468,10.3390/ijms21144970,Melatonin Induces Melanogenesis in Human SK-MEL-1 Melanoma Cells Involving Glycogen Synthase Kinase-3 and Reactive Oxygen Species.,2020,exclude,Study of other intervention/pathway; N-acetylcysteine not the intervention,,,,,,,Study of other intervention/pathway; N-acetylcysteine not the intervention
103,33791640,10.1093/asjof/ojaa013,An Alternative Treatment of Pseudogynecomastia in Male Patients After Massive Weight Loss.,2020,exclude,"NAC = nipple-areola complex, not N-acetylcysteine",,,,,,,"NAC = nipple-areola complex, not N-acetylcysteine"
104,32031661,10.1093/treephys/tpaa004,"A novel NAC transcription factor, MdNAC42, regulates anthocyanin accumulation in red-fleshed apple by interacting with MdMYB10.",2020,exclude,"NAC = plant NAC transcription factor family, not N-acetylcysteine",,,,,,,"NAC = plant NAC transcription factor family, not N-acetylcysteine"
105,31838251,10.1016/j.gene.2019.144284,Transcriptome analysis reveal the putative genes involved in light-induced anthocyanin accumulation in grape 'Red Globe' (V. vinifera L.).,2019,exclude,Plant pigment biology; no N-acetylcysteine intervention,,,,,,,Plant pigment biology; no N-acetylcysteine intervention
106,31568154,10.1097/MPG.0000000000002498,Photoprotection But Not N-acetylcysteine Improves Intestinal Blood Flow and Oxidation Status in Parenterally Fed Piglets.,2019,exclude,NAC present but outcome not skin pigmentation/whitening/anti-aging,,,,,,,NAC present but outcome not skin pigmentation/whitening/anti-aging
107,31321852,10.1111/tbj.13427,3D areola dermopigmentation (nipple-areola complex).,2019,exclude,"NAC = nipple-areola complex, not N-acetylcysteine",,,,,,,"NAC = nipple-areola complex, not N-acetylcysteine"
108,31129510,10.1016/j.jphotobiol.2019.111511,UVA and UVB radiation induce the formation of neutrophil extracellular traps by human polymorphonuclear cells.,2019,exclude,NAC present but outcome not skin pigmentation/whitening/anti-aging,,,,,,,NAC present but outcome not skin pigmentation/whitening/anti-aging
109,31320973,,The Potential Uses of N-acetylcysteine in Dermatology: A Review.,2019,include,NAC + skin pigmentation/aging relevant,retrieved,include,,,,,
110,30548661,10.1002/jcb.28030,Asperyellone prevents HDF cells from UVB irradiation damages: An elaborated study.,2018,exclude,Study of other intervention/pathway; N-acetylcysteine not the intervention,,,,,,,Study of other intervention/pathway; N-acetylcysteine not the intervention
111,30956032,10.1016/j.jdermsci.2019.03.005,Effects of irradiance on UVA-induced skin aging.,2019,exclude,NAC present but outcome not skin pigmentation/whitening/anti-aging,,,,,,,NAC present but outcome not skin pigmentation/whitening/anti-aging
112,30934176,10.5999/aps.2018.00164,The oval technique for nipple-areolar complex reconstruction.,2019,exclude,"NAC = nipple-areola complex, not N-acetylcysteine",,,,,,,"NAC = nipple-areola complex, not N-acetylcysteine"
113,30245405,10.1016/j.jhazmat.2018.09.036,Bio-inspired ultrasensitive colorimetric detection of methyl isothiocyanate on nylon-6 nanofibrous membrane: A comparison of biological thiol reactivities.,2018,exclude,Study of other intervention/pathway; N-acetylcysteine not the intervention,,,,,,,Study of other intervention/pathway; N-acetylcysteine not the intervention
114,30488083,10.14573/altex.1808201,Contradictory effects of chemical filters in UV/ROS-stressed human keratinocyte and fibroblast cells.,2018,exclude,NAC present but outcome not skin pigmentation/whitening/anti-aging,,,,,,,NAC present but outcome not skin pigmentation/whitening/anti-aging
115,30532153,10.1371/journal.pone.0208627,Transcriptomic analysis of Lycium ruthenicum Murr. during fruit ripening provides insight into structural and regulatory genes in the anthocyanin biosynthetic pathway.,2018,exclude,Plant pigment biology; no N-acetylcysteine intervention,,,,,,,Plant pigment biology; no N-acetylcysteine intervention
116,30687625,10.21037/gs.2018.08.04,Inflammatory breast cancer: no longer an absolute contraindication for breast conservation surgery following good response to neoadjuvant therapy.,2018,exclude,Study of other intervention/pathway; N-acetylcysteine not the intervention,,,,,,,Study of other intervention/pathway; N-acetylcysteine not the intervention
117,30290020,10.1111/exd.13797,Nilotinib induction of melanogenesis via reactive oxygen species-dependent JNK activation in B16F0 mouse melanoma cells.,2018,exclude,NAC present but outcome not skin pigmentation/whitening/anti-aging,,,,,,,NAC present but outcome not skin pigmentation/whitening/anti-aging
118,30246706,10.4103/ijdvl.IJDVL_33_18,N-acetylcysteine in dermatology.,2018,include,NAC + skin pigmentation/aging relevant,retrieved,include,,,,,
119,30285614,10.1186/s12870-018-1427-x,Genome wide identification and predicted functional analyses of NAC transcription factors in Asian pears.,2018,exclude,"NAC = plant NAC transcription factor family, not N-acetylcysteine",,,,,,,"NAC = plant NAC transcription factor family, not N-acetylcysteine"
120,30005897,10.1016/j.jdermsci.2018.06.007,Substantial evidence for the rhododendrol-induced generation of hydroxyl radicals that causes melanocyte cytotoxicity and induces chemical leukoderma.,2018,exclude,Study of other intervention/pathway; N-acetylcysteine not the intervention,,,,,,,Study of other intervention/pathway; N-acetylcysteine not the intervention
121,29613836,10.1096/fj.201701242RR,IL-17 induces cellular stress microenvironment of melanocytes to promote autophagic cell apoptosis in vitiligo.,2018,exclude,Study of other intervention/pathway; N-acetylcysteine not the intervention,,,,,,,Study of other intervention/pathway; N-acetylcysteine not the intervention
122,29630780,10.1111/exd.13555,4-(4-Hydroxyphenyl)-2-butanol (rhododendrol)-induced melanocyte cytotoxicity is enhanced by UVB exposure through generation of oxidative stress.,2018,exclude,Study of other intervention/pathway; N-acetylcysteine not the intervention,,,,,,,Study of other intervention/pathway; N-acetylcysteine not the intervention
123,29740511,10.7717/peerj.4625,Candidate genes associated with red colour formation revealed by comparative genomic variant analysis of red- and green-skinned fruits of Japanese apricot (Prunus mume).,2018,exclude,Plant pigment biology; no N-acetylcysteine intervention,,,,,,,Plant pigment biology; no N-acetylcysteine intervention
124,29474693,10.1093/pcp/pcy044,The Use of RNA Sequencing and Correlation Network Analysis to Study Potential Regulators of Crabapple Leaf Color Transformation.,2018,exclude,"NAC = plant NAC transcription factor family, not N-acetylcysteine",,,,,,,"NAC = plant NAC transcription factor family, not N-acetylcysteine"
125,29395579,10.1016/j.jdermsci.2018.01.004,Trans-cinnamic acid attenuates UVA-induced photoaging through inhibition of AP-1 activation and induction of Nrf2-mediated antioxidant genes in human skin fibroblasts.,2018,exclude,Study of other intervention/pathway; N-acetylcysteine not the intervention,,,,,,,Study of other intervention/pathway; N-acetylcysteine not the intervention
126,29101124,10.1136/bjophthalmol-2017-310615,"Ocular manifestations, complications and management of congenital ichthyoses: a new look.",2017,exclude,Study of other intervention/pathway; N-acetylcysteine not the intervention,,,,,,,Study of other intervention/pathway; N-acetylcysteine not the intervention
127,28993145,10.1016/j.lfs.2017.10.009,An inhibitory mechanism of action of a novel syringic-acid derivative on α-melanocyte-stimulating hormone (α-MSH)-induced melanogenesis.,2017,exclude,Study of other intervention/pathway; N-acetylcysteine not the intervention,,,,,,,Study of other intervention/pathway; N-acetylcysteine not the intervention
128,28377314,10.1016/j.ijpharm.2017.03.079,Clarithromycin and N-acetylcysteine co-spray-dried powders for pulmonary drug delivery: A focus on drug solubility.,2017,exclude,NAC studied for non-cosmetic indication (toxicology/infection/neuro),,,,,,,NAC studied for non-cosmetic indication (toxicology/infection/neuro)
129,28943881,10.3389/fpls.2017.01552,Differential Sensitivity of Fruit Pigmentation to Ultraviolet Light between Two Peach Cultivars.,2017,exclude,"NAC = plant NAC transcription factor family, not N-acetylcysteine",,,,,,,"NAC = plant NAC transcription factor family, not N-acetylcysteine"
130,28528167,10.1016/j.jid.2017.04.034,CXCL1 Inhibition Regulates UVB-Induced Skin Inflammation and Tumorigenesis in Xpa-Deficient Mice.,2017,exclude,NAC present but outcome not skin pigmentation/whitening/anti-aging,,,,,,,NAC present but outcome not skin pigmentation/whitening/anti-aging
131,28689798,10.1016/j.jep.2017.07.004,Ethyl acetate extract from Panax ginseng C.A. Meyer and its main constituents inhibit α-melanocyte-stimulating hormone-induced melanogenesis by suppressing oxidative stress in B16 mouse melanoma cells.,2017,exclude,Study of other intervention/pathway; N-acetylcysteine not the intervention,,,,,,,Study of other intervention/pathway; N-acetylcysteine not the intervention
132,28487970,10.3892/mmr.2017.6532,MALAT1 participates in ultraviolet B-induced photo-aging via regulation of the ERK/MAPK signaling pathway.,2017,exclude,Study of other intervention/pathway; N-acetylcysteine not the intervention,,,,,,,Study of other intervention/pathway; N-acetylcysteine not the intervention
133,28299721,10.1007/s13346-017-0374-7,Pro-NP™ protect against TiO2 nanoparticle-induced phototoxicity in zebrafish model: exploring potential application for skin care.,2017,exclude,NAC present but outcome not skin pigmentation/whitening/anti-aging,,,,,,,NAC present but outcome not skin pigmentation/whitening/anti-aging
134,28402525,10.1093/femsle/fnx073,Antifungal mechanism of [RuIII(NH3)4catechol]+ complex on fluconazole-resistant Candida tropicalis.,2017,exclude,Study of other intervention/pathway; N-acetylcysteine not the intervention,,,,,,,Study of other intervention/pathway; N-acetylcysteine not the intervention
135,28211872,10.1038/cdd.2017.8,Rictor/mTORC2 deficiency enhances keratinocyte stress tolerance via mitohormesis.,2017,exclude,Study of other intervention/pathway; N-acetylcysteine not the intervention,,,,,,,Study of other intervention/pathway; N-acetylcysteine not the intervention
136,28219012,10.1021/acs.chemrestox.7b00006,"Tyrosinase-Catalyzed Oxidation of the Leukoderma-Inducing Agent Raspberry Ketone Produces (E)-4-(3-Oxo-1-butenyl)-1,2-benzoquinone: Implications for Melanocyte Toxicity.",2017,exclude,Study of other intervention/pathway; N-acetylcysteine not the intervention,,,,,,,Study of other intervention/pathway; N-acetylcysteine not the intervention
137,28337898,,Melanin of the nipple areola complex.,2017,exclude,"NAC = nipple-areola complex, not N-acetylcysteine",,,,,,,"NAC = nipple-areola complex, not N-acetylcysteine"
138,28035181,10.5607/en.2016.25.6.307,Functional Connectivity of Basolateral Amygdala Neurons Carrying Orexin Receptors and Melanin-concentrating Hormone Receptors in Regulating Sociability and Mood-related Behaviors.,2016,exclude,"NAC/NAc = nucleus accumbens or melanin-concentrating hormone context, not N-acetylcysteine",,,,,,,"NAC/NAc = nucleus accumbens or melanin-concentrating hormone context, not N-acetylcysteine"
139,27579857,10.1111/acer.13181,Melanin-Concentrating Hormone and Its MCH-1 Receptor: Relationship Between Effects on Alcohol and Caloric Intake.,2016,exclude,"NAC/NAc = nucleus accumbens or melanin-concentrating hormone context, not N-acetylcysteine",,,,,,,"NAC/NAc = nucleus accumbens or melanin-concentrating hormone context, not N-acetylcysteine"
140,27363851,10.1007/s13555-016-0128-3,Basal Cell Carcinoma of the Nipple-Areola Complex: A Comprehensive Review of the World Literature.,2016,exclude,"NAC = nipple-areola complex, not N-acetylcysteine",,,,,,,"NAC = nipple-areola complex, not N-acetylcysteine"
141,26833778,10.1111/hdi.12402,Acquired reactive perforating collagenosis and pseudoporphyric bullous dermatosis in a hemodialysis patient.,2016,exclude,NAC present but outcome not skin pigmentation/whitening/anti-aging,,,,,,,NAC present but outcome not skin pigmentation/whitening/anti-aging
142,26867644,10.1016/j.tiv.2016.02.003,Rhododenol and raspberry ketone impair the normal proliferation of melanocytes through reactive oxygen species-dependent activation of GADD45.,2016,exclude,NAC present but outcome not skin pigmentation/whitening/anti-aging,,,,,,,NAC present but outcome not skin pigmentation/whitening/anti-aging
143,27011171,10.3390/ijms17030418,Melanocytes Affect Nodal Expression and Signaling in Melanoma Cells: A Lesson from Pediatric Large Congenital Melanocytic Nevi.,2016,exclude,Study of other intervention/pathway; N-acetylcysteine not the intervention,,,,,,,Study of other intervention/pathway; N-acetylcysteine not the intervention
144,26596215,10.1016/j.jdermsci.2015.10.019,Analysis of lncRNAs expression in UVB-induced stress responses of melanocytes.,2015,exclude,Study of other intervention/pathway; N-acetylcysteine not the intervention,,,,,,,Study of other intervention/pathway; N-acetylcysteine not the intervention
145,26059754,10.1016/j.molimm.2015.05.019,Lipoteichoic acid isolated from Lactobacillus plantarum down-regulates UV-induced MMP-1 expression and up-regulates type I procollagen through the inhibition of reactive oxygen species generation.,2015,exclude,Study of other intervention/pathway; N-acetylcysteine not the intervention,,,,,,,Study of other intervention/pathway; N-acetylcysteine not the intervention
146,25946676,,Dialysis-associated pseudoporphyria successfully treated with vitamin D. Report of two cases.,2015,exclude,NAC present but outcome not skin pigmentation/whitening/anti-aging,,,,,,,NAC present but outcome not skin pigmentation/whitening/anti-aging
147,25688923,10.1111/tpj.12792,Molecular genetics of blood-fleshed peach reveals activation of anthocyanin biosynthesis by NAC transcription factors.,2015,exclude,"NAC = plant NAC transcription factor family, not N-acetylcysteine",,,,,,,"NAC = plant NAC transcription factor family, not N-acetylcysteine"
148,25662478,10.3109/2000656X.2015.1008501,Thinning of the medial pedicle in reduction mammoplasty.,2015,exclude,"NAC = nipple-areola complex, not N-acetylcysteine",,,,,,,"NAC = nipple-areola complex, not N-acetylcysteine"
149,25376115,10.1111/jcmm.12345,HDAC-inhibitor (S)-8 disrupts HDAC6-PP1 complex prompting A375 melanoma cell growth arrest and apoptosis.,2014,exclude,Study of other intervention/pathway; N-acetylcysteine not the intervention,,,,,,,Study of other intervention/pathway; N-acetylcysteine not the intervention
150,25491370,10.1186/s12870-014-0351-y,Overexpression of tomato SlNAC1 transcription factor alters fruit pigmentation and softening.,2014,exclude,"NAC = plant NAC transcription factor family, not N-acetylcysteine",,,,,,,"NAC = plant NAC transcription factor family, not N-acetylcysteine"
151,24726294,10.1016/j.burns.2014.01.027,Effect of N-acetylcysteine combined with infliximab on toxic epidermal necrolysis. A proof-of-concept study.,2014,exclude,NAC studied for non-cosmetic indication (toxicology/infection/neuro),,,,,,,NAC studied for non-cosmetic indication (toxicology/infection/neuro)
152,25028117,10.1007/s00266-014-0380-9,Role of antioxidants in dermal aging: an in vitro study by q-RT-PCR.,2014,include,NAC + skin pigmentation/aging relevant,retrieved,include,,,,,
153,25014590,10.1094/MPMI-03-14-0065-R,"OsNAC111, a blast disease-responsive transcription factor in rice, positively regulates the expression of defense-related genes.",2014,exclude,"NAC = plant NAC transcription factor family, not N-acetylcysteine",,,,,,,"NAC = plant NAC transcription factor family, not N-acetylcysteine"
154,24902916,10.1007/s00266-014-0343-1,The free-nipple breast-reduction technique performed with transfer of the nipple-areola complex over the superior or superomedial pedicles.,2014,exclude,"NAC = nipple-areola complex, not N-acetylcysteine",,,,,,,"NAC = nipple-areola complex, not N-acetylcysteine"
155,24550076,10.1007/s11357-014-9623-6,Oxidative exposure impairs TGF-β pathway via reduction of type II receptor and SMAD3 in human skin fibroblasts.,2014,exclude,NAC present but outcome not skin pigmentation/whitening/anti-aging,,,,,,,NAC present but outcome not skin pigmentation/whitening/anti-aging
156,24284420,10.1038/jid.2013.510,FoxO3a is an antimelanogenic factor that mediates antioxidant-induced depigmentation.,2013,exclude,NAC present but outcome not skin pigmentation/whitening/anti-aging,,,,,,,NAC present but outcome not skin pigmentation/whitening/anti-aging
157,24456128,10.1111/1754-9485.12136,Breast irradiation causes pallor in the nipple-areolar complex in women with Celtic skin type (result from the St. George and Wollongong randomised breast boost trial).,2014,exclude,"NAC = nipple-areola complex, not N-acetylcysteine",,,,,,,"NAC = nipple-areola complex, not N-acetylcysteine"
158,24681574,10.1371/journal.pone.0093232,Interferon-γ induces senescence in normal human melanocytes.,2014,exclude,Study of other intervention/pathway; N-acetylcysteine not the intervention,,,,,,,Study of other intervention/pathway; N-acetylcysteine not the intervention
159,25083492,10.3978/j.issn.2227-684X.2014.02.06,Nipple-areola complex reconstruction.,2014,exclude,"NAC = nipple-areola complex, not N-acetylcysteine",,,,,,,"NAC = nipple-areola complex, not N-acetylcysteine"
160,24126281,10.1016/j.peptides.2013.10.001,Endogenous opiates and behavior: 2012.,2013,exclude,Study of other intervention/pathway; N-acetylcysteine not the intervention,,,,,,,Study of other intervention/pathway; N-acetylcysteine not the intervention
161,24001791,10.1016/j.jdermsci.2013.07.015,Solar-simulated radiation and heat treatment induced metalloproteinase-1 expression in cultured dermal fibroblasts via distinct pathways: implications on reduction of sun-associated aging.,2013,exclude,Study of other intervention/pathway; N-acetylcysteine not the intervention,,,,,,,Study of other intervention/pathway; N-acetylcysteine not the intervention
162,23449013,10.1017/S1461145713000072,Role of melanin-concentrating hormone in the nucleus accumbens shell in rats behaviourally sensitized to methamphetamine.,2013,exclude,"NAC/NAc = nucleus accumbens or melanin-concentrating hormone context, not N-acetylcysteine",,,,,,,"NAC/NAc = nucleus accumbens or melanin-concentrating hormone context, not N-acetylcysteine"
163,23337889,10.1038/jid.2013.25,Prolonged activation of ERK contributes to the photorejuvenation effect in photodynamic therapy in human dermal fibroblasts.,2013,exclude,Study of other intervention/pathway; N-acetylcysteine not the intervention,,,,,,,Study of other intervention/pathway; N-acetylcysteine not the intervention
164,24327958,10.1016/j.molmet.2013.07.008,Loss of neurotensin receptor-1 disrupts the control of the mesolimbic dopamine system by leptin and promotes hedonic feeding and obesity.,2013,exclude,Study of other intervention/pathway; N-acetylcysteine not the intervention,,,,,,,Study of other intervention/pathway; N-acetylcysteine not the intervention
165,23866879,10.1016/j.jaad.2013.05.002,"Toxic epidermal necrolysis: Part II. Prognosis, sequelae, diagnosis, differential diagnosis, prevention, and treatment.",2013,exclude,Study of other intervention/pathway; N-acetylcysteine not the intervention,,,,,,,Study of other intervention/pathway; N-acetylcysteine not the intervention
166,23441982,10.2174/157488612805076516,Toxic epidermal necrolysis.,2012,exclude,Study of other intervention/pathway; N-acetylcysteine not the intervention,,,,,,,Study of other intervention/pathway; N-acetylcysteine not the intervention
167,23046028,10.1111/j.1529-8019.2012.01484.x,Clinical efficacy of a novel topical formulation for vitiligo: compared evaluation of different treatment modalities in 149 patients.,2012,exclude,Study of other intervention/pathway; N-acetylcysteine not the intervention,,,,,,,Study of other intervention/pathway; N-acetylcysteine not the intervention
168,22118157,10.1111/j.1751-1097.2011.01050.x,Silibinin is a potent sensitizer of UVA radiation-induced oxidative stress and apoptosis in human keratinocyte HaCaT cells.,2012,exclude,Study of other intervention/pathway; N-acetylcysteine not the intervention,,,,,,,Study of other intervention/pathway; N-acetylcysteine not the intervention
169,22430217,10.1016/j.ejpb.2012.03.002,In vivo photoprotective and anti-inflammatory effect of hyperforin is associated with high antioxidant activity in vitro and ex vivo.,2012,exclude,NAC present but outcome not skin pigmentation/whitening/anti-aging,,,,,,,NAC present but outcome not skin pigmentation/whitening/anti-aging
170,21667118,10.1007/s00403-011-1158-4,Ascorbic acid increases the activity and synthesis of tyrosinase in B16F10 cells through activation of p38 mitogen-activated protein kinase.,2011,exclude,Study of other intervention/pathway; N-acetylcysteine not the intervention,,,,,,,Study of other intervention/pathway; N-acetylcysteine not the intervention
171,21281711,10.1016/j.freeradbiomed.2011.01.027,"UVB-induced DNA damage, generation of reactive oxygen species, and inflammation are effectively attenuated by the flavonoid luteolin in vitro and in vivo.",2011,exclude,NAC present but outcome not skin pigmentation/whitening/anti-aging,,,,,,,NAC present but outcome not skin pigmentation/whitening/anti-aging
172,20670637,10.1016/j.physbeh.2010.07.009,Role of melanin-concentrating hormone in the control of ethanol consumption: Region-specific effects revealed by expression and injection studies.,2010,exclude,"NAC/NAc = nucleus accumbens or melanin-concentrating hormone context, not N-acetylcysteine",,,,,,,"NAC/NAc = nucleus accumbens or melanin-concentrating hormone context, not N-acetylcysteine"
173,20946361,10.1111/j.1751-1097.2010.00818.x,Proteomic identification of cathepsin B and nucleophosmin as novel UVA-targets in human skin fibroblasts.,2010,exclude,Study of other intervention/pathway; N-acetylcysteine not the intervention,,,,,,,Study of other intervention/pathway; N-acetylcysteine not the intervention
174,20721849,10.1055/s-0030-1263290,Surgical correction and reconstruction of the nipple-areola complex: current review of techniques.,2010,exclude,"NAC = nipple-areola complex, not N-acetylcysteine",,,,,,,"NAC = nipple-areola complex, not N-acetylcysteine"
175,20601653,10.1093/rheumatology/keq175,Evaluation of anti-oxidant treatments in an in vitro model of alkaptonuric ochronosis.,2010,exclude,NAC present but outcome not skin pigmentation/whitening/anti-aging,,,,,,,NAC present but outcome not skin pigmentation/whitening/anti-aging
176,20459460,10.1111/j.1600-079X.2010.00765.x,Melatonin decreases cell proliferation and induces melanogenesis in human melanoma SK-MEL-1 cells.,2010,exclude,Study of other intervention/pathway; N-acetylcysteine not the intervention,,,,,,,Study of other intervention/pathway; N-acetylcysteine not the intervention
177,20595944,,[Efficacy study in vitro: assessment of the properties of resveratrol and resveratrol + N-acetyl-cysteine on proliferation and inhibition of collagen activity].,2010,include,NAC + skin pigmentation/aging relevant,retrieved,include,,,,,
178,21358860,10.4172/plastic-surgery.1000643,Pedicle viability as the determinant factor for conversion to free nipple graft.,2010,exclude,"NAC = nipple-areola complex, not N-acetylcysteine",,,,,,,"NAC = nipple-areola complex, not N-acetylcysteine"
179,20158284,10.2165/11532540-000000000-00000,"New insights in toxic epidermal necrolysis (Lyell's syndrome): clinical considerations, pathobiology and targeted treatments revisited.",2010,exclude,NAC studied for non-cosmetic indication (toxicology/infection/neuro),,,,,,,NAC studied for non-cosmetic indication (toxicology/infection/neuro)
180,19737600,10.1016/j.neulet.2009.08.082,Glutathione redox status in mitochondria and cytoplasm differentially and sequentially activates apoptosis cascade in dopamine-melanin-treated SH-SY5Y cells.,2009,exclude,Study of other intervention/pathway; N-acetylcysteine not the intervention,,,,,,,Study of other intervention/pathway; N-acetylcysteine not the intervention
181,19602945,10.1097/SAP.0b013e31818d45c2,Reduction mammoplasty with superolateral dermoglandular pedicle: details of 15 years of experience.,2009,exclude,"NAC = nipple-areola complex, not N-acetylcysteine",,,,,,,"NAC = nipple-areola complex, not N-acetylcysteine"
182,18562160,10.1016/j.bbi.2008.05.001,How does immune challenge inhibit ingestion of palatable food? Evidence that systemic lipopolysaccharide treatment modulates key nodal points of feeding neurocircuitry.,2008,exclude,"NAC/NAc = nucleus accumbens or melanin-concentrating hormone context, not N-acetylcysteine",,,,,,,"NAC/NAc = nucleus accumbens or melanin-concentrating hormone context, not N-acetylcysteine"
183,18538675,10.1016/j.freeradbiomed.2008.05.006,Small molecular antioxidants effectively protect from PUVA-induced oxidative stress responses underlying fibroblast senescence and photoaging.,2008,include,NAC + skin pigmentation/aging relevant,retrieved,include,,,,,
184,18064629,10.1002/jcp.21336,All-trans retinoic acid attenuates ultraviolet radiation-induced down-regulation of aquaporin-3 and water permeability in human keratinocytes.,2008,include,NAC + skin pigmentation/aging relevant,retrieved,include,,,,,
185,17487501,10.1007/s00411-007-0112-5,Inhibition of UVA-induced apoptotic signaling pathway by polypeptide from Chlamys farreri in human HaCaT keratinocytes.,2007,exclude,NAC present but outcome not skin pigmentation/whitening/anti-aging,,,,,,,NAC present but outcome not skin pigmentation/whitening/anti-aging
186,17550954,10.1345/aph.1H700,Management of anthracycline extravasation injuries.,2007,exclude,NAC present but outcome not skin pigmentation/whitening/anti-aging,,,,,,,NAC present but outcome not skin pigmentation/whitening/anti-aging
187,17596443,10.1523/JNEUROSCI.0514-07.2007,Striatal medium spiny neurons terminate in a distinct region in the lateral hypothalamic area and do not directly innervate orexin/hypocretin- or melanin-concentrating hormone-containing neurons.,2007,exclude,"NAC/NAc = nucleus accumbens or melanin-concentrating hormone context, not N-acetylcysteine",,,,,,,"NAC/NAc = nucleus accumbens or melanin-concentrating hormone context, not N-acetylcysteine"
188,17187831,10.1016/j.physbeh.2006.11.006,Rapid neuroendocrine responses evoked at the onset of social challenge.,2006,exclude,"NAC/NAc = nucleus accumbens or melanin-concentrating hormone context, not N-acetylcysteine",,,,,,,"NAC/NAc = nucleus accumbens or melanin-concentrating hormone context, not N-acetylcysteine"
189,18654637,10.2174/157015906778520773,Neurochemistry of the nucleus accumbens and its relevance to depression and antidepressant action in rodents.,2006,exclude,"NAC/NAc = nucleus accumbens or melanin-concentrating hormone context, not N-acetylcysteine",,,,,,,"NAC/NAc = nucleus accumbens or melanin-concentrating hormone context, not N-acetylcysteine"
190,17671531,,Expanding the role of breast conservation surgery by immediate volume replacement with the latissimus dorsi flap.,2006,exclude,"NAC = nipple-areola complex, not N-acetylcysteine",,,,,,,"NAC = nipple-areola complex, not N-acetylcysteine"
191,16799053,10.1167/iovs.05-1066,Damage Thresholds for Exposure to NIR and Blue Lasers in an In Vitro RPE Cell System.,2006,exclude,Study of other intervention/pathway; N-acetylcysteine not the intervention,,,,,,,Study of other intervention/pathway; N-acetylcysteine not the intervention
192,16632120,10.1016/j.freeradbiomed.2005.12.032,Grape seed proanthocyanidins inhibit UV-radiation-induced oxidative stress and activation of MAPK and NF-kappaB signaling in human epidermal keratinocytes.,2006,exclude,NAC present but outcome not skin pigmentation/whitening/anti-aging,,,,,,,NAC present but outcome not skin pigmentation/whitening/anti-aging
193,16388826,10.1016/j.lfs.2005.09.054,"Biological activities of the natural imidazole-containing peptidomimetics n-acetylcarnosine, carcinine and L-carnosine in ophthalmic and skin care products.",2006,exclude,Study of other intervention/pathway; N-acetylcysteine not the intervention,,,,,,,Study of other intervention/pathway; N-acetylcysteine not the intervention
194,16261402,10.1007/s10549-005-9033-7,Nipple-sparing mastectomy in association with intra operative radiotherapy (ELIOT): A new type of mastectomy for breast cancer treatment.,2005,exclude,"NAC = nipple-areola complex, not N-acetylcysteine",,,,,,,"NAC = nipple-areola complex, not N-acetylcysteine"
195,16282322,10.1074/jbc.M505806200,A novel o-aminophenol oxidase responsible for formation of the phenoxazinone chromophore of grixazone.,2005,exclude,NAC present but outcome not skin pigmentation/whitening/anti-aging,,,,,,,NAC present but outcome not skin pigmentation/whitening/anti-aging
196,16108071,10.1002/jnr.20595,Iron accelerates the conversion of dopamine-oxidized intermediates into melanin and provides protection in SH-SY5Y cells.,2005,exclude,Study of other intervention/pathway; N-acetylcysteine not the intervention,,,,,,,Study of other intervention/pathway; N-acetylcysteine not the intervention
197,16109412,10.1016/j.febslet.2005.07.049,Inhibitory role of peroxiredoxin II (Prx II) on cellular senescence.,2005,exclude,Study of other intervention/pathway; N-acetylcysteine not the intervention,,,,,,,Study of other intervention/pathway; N-acetylcysteine not the intervention
198,15673672,10.1523/JNEUROSCI.4079-04.2005,Mesolimbic dopamine super-sensitivity in melanin-concentrating hormone-1 receptor-deficient mice.,2005,exclude,"NAC/NAc = nucleus accumbens or melanin-concentrating hormone context, not N-acetylcysteine",,,,,,,"NAC/NAc = nucleus accumbens or melanin-concentrating hormone context, not N-acetylcysteine"
199,15541075,10.1111/j.1365-2133.2004.06213.x,Topically applied S-nitrosothiol-containing hydrogels as experimental and pharmacological nitric oxide donors in human skin.,2004,exclude,NAC present but outcome not skin pigmentation/whitening/anti-aging,,,,,,,NAC present but outcome not skin pigmentation/whitening/anti-aging
200,15363971,10.1016/j.ejphar.2004.07.065,"Inhibition of UVA irradiation-modulated signaling pathways by rutaecarpine, a quinazolinocarboline alkaloid, in human keratinocytes.",2004,exclude,Study of other intervention/pathway; N-acetylcysteine not the intervention,,,,,,,Study of other intervention/pathway; N-acetylcysteine not the intervention
201,15630239,10.1002/biof.552210182,"Effect of simultaneous administration of vitamin C, L-cysteine and vitamin E on the melanogenesis.",2004,exclude,Study of other intervention/pathway; N-acetylcysteine not the intervention,,,,,,,Study of other intervention/pathway; N-acetylcysteine not the intervention
202,14646624,10.1097/00008390-200312000-00010,Synthesis and selective in vitro anti-melanoma effect of enantiomeric alpha-methyl- and alpha-ethyl-4-S-cysteaminylphenol.,2003,exclude,Study of other intervention/pathway; N-acetylcysteine not the intervention,,,,,,,Study of other intervention/pathway; N-acetylcysteine not the intervention
203,12620283,10.1016/s0197-0186(02)00214-0,Combined effect of dopamine and MPP+ on membrane permeability in mitochondria and cell viability in PC12 cells.,2003,exclude,NAC studied for non-cosmetic indication (toxicology/infection/neuro),,,,,,,NAC studied for non-cosmetic indication (toxicology/infection/neuro)
204,12713590,10.1046/j.1523-1747.2003.12122.x,Topical N-acetyl cysteine and genistein prevent ultraviolet-light-induced signaling that leads to photoaging in human skin in vivo.,2003,include,NAC + skin pigmentation/aging relevant,retrieved,include,,,,,
205,12745244,10.1016/s1011-1344(03)00051-4,Photoprotective properties of a hydrophilic extract of the fern Polypodium leucotomos on human skin cells.,2003,exclude,Study of other intervention/pathway; N-acetylcysteine not the intervention,,,,,,,Study of other intervention/pathway; N-acetylcysteine not the intervention
206,12537526,10.1667/0033-7587(2003)159[0210:pbaaur]2.0.co;2,Photoprotection by antioxidants against UVB-radiation-induced damage in pig skin organ culture.,2003,include,NAC + skin pigmentation/aging relevant,retrieved,include,,,,,
207,12472496,10.1046/j.1524-4725.2002.02097.x,Cosmetic color improvement of the nipple-areola complex by optimal use of tretinoin and hydroquinone.,2002,exclude,"NAC = nipple-areola complex, not N-acetylcysteine",,,,,,,"NAC = nipple-areola complex, not N-acetylcysteine"
208,12417263,10.1016/s0006-2952(02)01353-9,Cytotoxicity of dopamine-derived tetrahydroisoquinolines on melanoma cells.,2002,exclude,NAC studied for non-cosmetic indication (toxicology/infection/neuro),,,,,,,NAC studied for non-cosmetic indication (toxicology/infection/neuro)
209,12172297,10.1097/00008506-200207000-00010,Toxic epidermal necrolysis after phenytoin usage in a brain trauma patient.,2002,exclude,NAC studied for non-cosmetic indication (toxicology/infection/neuro),,,,,,,NAC studied for non-cosmetic indication (toxicology/infection/neuro)
210,11764282,10.1046/j.0022-202x.2001.00002.x,"The effect of thioredoxin on the expression of proopiomelanocortin-derived peptides, the melanocortin 1 receptor and cell survival of normal human keratinocytes.",2001,exclude,Study of other intervention/pathway; N-acetylcysteine not the intervention,,,,,,,Study of other intervention/pathway; N-acetylcysteine not the intervention
211,11534762,10.1007/BF02975097,"Kojic acid, a potential inhibitor of NF-kappaB activation in transfectant human HaCaT and SCC-13 cells.",2001,exclude,Study of other intervention/pathway; N-acetylcysteine not the intervention,,,,,,,Study of other intervention/pathway; N-acetylcysteine not the intervention
212,11310789,10.1034/j.1600-0749.2001.140205.x,Possible involvement of ERK 1/2 in UVA-induced melanogenesis in cultured normal human epidermal melanocytes.,2001,exclude,Study of other intervention/pathway; N-acetylcysteine not the intervention,,,,,,,Study of other intervention/pathway; N-acetylcysteine not the intervention
213,11259497,10.1046/j.1471-4159.2001.00190.x,Evidence for non-oxidative dopamine cytotoxicity: potent activation of NF-kappa B and lack of protection by anti-oxidants.,2001,exclude,Study of other intervention/pathway; N-acetylcysteine not the intervention,,,,,,,Study of other intervention/pathway; N-acetylcysteine not the intervention
214,11974970,,[Enhancement of endogenous antioxidant defenses: a promising strategy for prevention of skin cancers].,2001,exclude,Study of other intervention/pathway; N-acetylcysteine not the intervention,,,,,,,Study of other intervention/pathway; N-acetylcysteine not the intervention
215,11137712,10.1016/s0006-2952(00)00524-4,"Toxic effects of apomorphine on rat cultured neurons and glial C6 cells, and protection with antioxidants.",2001,exclude,Study of other intervention/pathway; N-acetylcysteine not the intervention,,,,,,,Study of other intervention/pathway; N-acetylcysteine not the intervention
216,9800381,10.1016/s1011-1344(98)00148-1,The mechanism of N-acetylcysteine photoprotection is not related to dipyrimidine photoproducts.,1998,include,NAC + skin pigmentation/aging relevant,retrieved,include,,,,,
217,9648531,,Protection against UV-induced reactive intermediates in human cells and mouse skin by glutathione precursors: a comparison of N-acetylcysteine and glutathione ethylester.,1998,include,NAC + skin pigmentation/aging relevant,retrieved,include,,,,,
218,9383989,10.1111/j.1751-1097.1997.tb03204.x,Cysteine derivatives protect against UV-induced reactive intermediates in human keratinocytes: the role of glutathione synthesis.,1997,include,NAC + skin pigmentation/aging relevant,retrieved,include,,,,,
219,9220453,10.1016/s0197-0186(96)00150-7,Dopamine-melanin induces apoptosis in PC12 cells; possible implications for the etiology of Parkinson's disease.,1997,exclude,Study of other intervention/pathway; N-acetylcysteine not the intervention,,,,,,,Study of other intervention/pathway; N-acetylcysteine not the intervention
220,8797665,10.1006/exnr.1996.0136,Prevention of dopamine-induced cell death by thiol antioxidants: possible implications for treatment of Parkinson's disease.,1996,exclude,Study of other intervention/pathway; N-acetylcysteine not the intervention,,,,,,,Study of other intervention/pathway; N-acetylcysteine not the intervention
221,7738358,10.1111/1523-1747.ep12606994,Glutathione plays a key role in the depigmenting and melanocytotoxic action of N-acetyl-4-S-cysteaminylphenol in black and yellow hair follicles.,1995,exclude,Study of other intervention/pathway; N-acetylcysteine not the intervention,,,,,,,Study of other intervention/pathway; N-acetylcysteine not the intervention
222,1928874,10.1016/s0196-0644(05)81352-6,Acetaminophen overdose: a 48-hour intravenous N-acetylcysteine treatment protocol.,1991,exclude,NAC studied for non-cosmetic indication (toxicology/infection/neuro),,,,,,,NAC studied for non-cosmetic indication (toxicology/infection/neuro)
223,1899328,10.1016/0003-9861(91)90324-c,"alpha,beta-Dehydro-3,4-dihydroxyphenylalanine derivatives: rate and mechanism of formation.",1991,exclude,Study of other intervention/pathway; N-acetylcysteine not the intervention,,,,,,,Study of other intervention/pathway; N-acetylcysteine not the intervention
224,3396787,10.1016/0272-0590(88)90186-8,Pharmacological studies on the in vivo cataractogenicity of acetaminophen in mice and rabbits.,1988,exclude,NAC studied for non-cosmetic indication (toxicology/infection/neuro),,,,,,,NAC studied for non-cosmetic indication (toxicology/infection/neuro)
225,32644407,,Nipple-Areolar Complex Reconstruction.,2026,exclude,"NAC = nipple-areola complex, not N-acetylcysteine",,,,,,,"NAC = nipple-areola complex, not N-acetylcysteine"
